{
    "name": "root",
    "gauges": {
        "NavigationAgentController.Policy.Entropy.mean": {
            "value": 2.2301700115203857,
            "min": 1.9935286045074463,
            "max": 2.2301700115203857,
            "count": 45
        },
        "NavigationAgentController.Policy.Entropy.sum": {
            "value": 45227.84765625,
            "min": 39610.75390625,
            "max": 50313.2890625,
            "count": 45
        },
        "NavigationAgentController.Environment.EpisodeLength.mean": {
            "value": 4.627329192546584,
            "min": 4.627329192546584,
            "max": 63.13898305084746,
            "count": 45
        },
        "NavigationAgentController.Environment.EpisodeLength.sum": {
            "value": 1490.0,
            "min": 1490.0,
            "max": 22295.0,
            "count": 45
        },
        "NavigationAgentController.Step.mean": {
            "value": 899946.0,
            "min": 19950.0,
            "max": 899946.0,
            "count": 45
        },
        "NavigationAgentController.Step.sum": {
            "value": 899946.0,
            "min": 19950.0,
            "max": 899946.0,
            "count": 45
        },
        "NavigationAgentController.Policy.ExtrinsicValueEstimate.mean": {
            "value": 0.6966024041175842,
            "min": -0.1568763107061386,
            "max": 0.9824463725090027,
            "count": 45
        },
        "NavigationAgentController.Policy.ExtrinsicValueEstimate.sum": {
            "value": 436.0731201171875,
            "min": -62.750526428222656,
            "max": 651.3619384765625,
            "count": 45
        },
        "NavigationAgentController.Policy.CuriosityValueEstimate.mean": {
            "value": 1.3084527254104614,
            "min": 0.14050321280956268,
            "max": 1.3084527254104614,
            "count": 45
        },
        "NavigationAgentController.Policy.CuriosityValueEstimate.sum": {
            "value": 819.0913696289062,
            "min": 56.0607795715332,
            "max": 819.0913696289062,
            "count": 45
        },
        "NavigationAgentController.Environment.CumulativeReward.mean": {
            "value": 1.0367391330670126,
            "min": 0.11454999417066575,
            "max": 1.2477838950804794,
            "count": 45
        },
        "NavigationAgentController.Environment.CumulativeReward.sum": {
            "value": 333.83000084757805,
            "min": 45.819997668266296,
            "max": 556.6279490292072,
            "count": 45
        },
        "NavigationAgentController.Policy.ExtrinsicReward.mean": {
            "value": 1.0367391330670126,
            "min": 0.11454999417066575,
            "max": 1.2477838950804794,
            "count": 45
        },
        "NavigationAgentController.Policy.ExtrinsicReward.sum": {
            "value": 333.83000084757805,
            "min": 45.819997668266296,
            "max": 556.6279490292072,
            "count": 45
        },
        "NavigationAgentController.Policy.CuriosityReward.mean": {
            "value": 0.018255505518501868,
            "min": 0.0,
            "max": 0.6140349309891462,
            "count": 45
        },
        "NavigationAgentController.Policy.CuriosityReward.sum": {
            "value": 5.878272776957601,
            "min": 0.0,
            "max": 245.6139723956585,
            "count": 45
        },
        "NavigationAgentController.IsTraining.mean": {
            "value": 1.0,
            "min": 1.0,
            "max": 1.0,
            "count": 45
        },
        "NavigationAgentController.IsTraining.sum": {
            "value": 1.0,
            "min": 1.0,
            "max": 1.0,
            "count": 45
        },
        "NavigationAgentController.Losses.PolicyLoss.mean": {
            "value": 1.1634619416588834,
            "min": 0.19570255641680234,
            "max": 1.323173523852136,
            "count": 41
        },
        "NavigationAgentController.Losses.PolicyLoss.sum": {
            "value": 2.326923883317767,
            "min": 0.19570255641680234,
            "max": 2.6153749675774014,
            "count": 41
        },
        "NavigationAgentController.Losses.ValueLoss.mean": {
            "value": 0.06313805238751892,
            "min": 0.0010009383536005738,
            "max": 1.4970997371189296,
            "count": 41
        },
        "NavigationAgentController.Losses.ValueLoss.sum": {
            "value": 0.12627610477503784,
            "min": 0.0010009383536005738,
            "max": 1.4970997371189296,
            "count": 41
        },
        "NavigationAgentController.Policy.LearningRate.mean": {
            "value": 0.0003,
            "min": 0.0003,
            "max": 0.0003,
            "count": 41
        },
        "NavigationAgentController.Policy.LearningRate.sum": {
            "value": 0.0006,
            "min": 0.0003,
            "max": 0.0006,
            "count": 41
        },
        "NavigationAgentController.Policy.Epsilon.mean": {
            "value": 0.2,
            "min": 0.19999999999999996,
            "max": 0.2,
            "count": 41
        },
        "NavigationAgentController.Policy.Epsilon.sum": {
            "value": 0.4,
            "min": 0.19999999999999996,
            "max": 0.4,
            "count": 41
        },
        "NavigationAgentController.Policy.Beta.mean": {
            "value": 0.009999991109494405,
            "min": 0.009999991109494405,
            "max": 0.0099999997727275,
            "count": 41
        },
        "NavigationAgentController.Policy.Beta.sum": {
            "value": 0.01999998221898881,
            "min": 0.00999999129790081,
            "max": 0.01999998748468784,
            "count": 41
        },
        "NavigationAgentController.Losses.CuriosityForwardLoss.mean": {
            "value": 0.22479566490001018,
            "min": 0.09179718977054663,
            "max": 26800002.312763248,
            "count": 41
        },
        "NavigationAgentController.Losses.CuriosityForwardLoss.sum": {
            "value": 0.44959132980002037,
            "min": 0.09179718977054663,
            "max": 53600004.625526495,
            "count": 41
        },
        "NavigationAgentController.Losses.CuriosityInverseLoss.mean": {
            "value": 6.6930237923530065,
            "min": 2.0155471181869506,
            "max": 658554.4501243493,
            "count": 41
        },
        "NavigationAgentController.Losses.CuriosityInverseLoss.sum": {
            "value": 13.386047584706013,
            "min": 2.0155471181869506,
            "max": 1317108.9002486987,
            "count": 41
        }
    },
    "metadata": {
        "timer_format_version": "0.1.0",
        "start_time_seconds": "1732840478",
        "python_version": "3.10.11 (tags/v3.10.11:7d4cc5a, Apr  5 2023, 00:38:17) [MSC v.1929 64 bit (AMD64)]",
        "command_line_arguments": "C:\\Users\\caiqu\\AppData\\Local\\Programs\\Python\\Python310\\Scripts\\mlagents-learn config.yaml --run-id=albert_training_2 --time-scale=1 --torch-device=cuda",
        "mlagents_version": "1.1.0",
        "mlagents_envs_version": "1.1.0",
        "communication_protocol_version": "1.5.0",
        "pytorch_version": "2.5.0+cu124",
        "numpy_version": "1.23.5",
        "end_time_seconds": "1732843977"
    },
    "total": 3499.1045575000026,
    "count": 1,
    "self": 0.005977000007987954,
    "children": {
        "run_training.setup": {
            "total": 0.0955717999895569,
            "count": 1,
            "self": 0.0955717999895569
        },
        "TrainerController.start_learning": {
            "total": 3499.003008700005,
            "count": 1,
            "self": 0.4006522005365696,
            "children": {
                "TrainerController._reset_env": {
                    "total": 11.105961099994602,
                    "count": 1,
                    "self": 11.105961099994602
                },