{"count":1,"self":217.83685119999998,"total":294.4407852,"children":{"InitializeActuators":{"count":33,"self":0.0020345,"total":0.0020345,"children":null},"InitializeSensors":{"count":33,"self":0.0010012999999999999,"total":0.0010012999999999999,"children":null},"AgentSendState":{"count":18127,"self":1.295275,"total":5.6714367999999995,"children":{"CollectObservations":{"count":59829,"self":3.2931478,"total":3.2931478,"children":null},"WriteActionMask":{"count":59829,"self":0.0211421,"total":0.0211421,"children":null},"RequestDecision":{"count":59829,"self":0.12010649999999999,"total":1.0618718999999999,"children":{"AgentInfo.ToProto":{"count":59829,"self":0.070764,"total":0.9417654,"children":{"GenerateSensorData":{"count":59829,"self":0.7507868,"total":0.87100139999999993,"children":{"RayPerceptionSensor.Perceive":{"count":59829,"self":0.12021459999999999,"total":0.12021459999999999,"children":null}}}}}}}}},"DecideAction":{"count":18127,"self":63.585376,"total":63.5853739,"children":null},"AgentAct":{"count":18127,"self":7.3199488,"total":7.3435925,"children":{"AgentInfo.ToProto":{"count":1188,"self":0.0063671,"total":0.0236433,"children":{"GenerateSensorData":{"count":1188,"self":0.015227899999999999,"total":0.0172762,"children":{"RayPerceptionSensor.Perceive":{"count":1188,"self":0.0020483,"total":0.0020483,"children":null}}}}}}}},"gauges":{"NavigationAgentController.CumulativeReward":{"count":1188,"max":4.91,"min":2.00999951,"runningAverage":3.8572886,"value":3.90999985,"weightedAverage":3.84490156}},"metadata":{"timer_format_version":"0.1.0","start_time_seconds":"1732996756","unity_version":"6000.0.24f1","command_line_arguments":"C:\/Program Files\/Unity 6000.0.24f1\/Editor\/Unity.exe -projectpath C:\\Users\\caiqu\\Projeto Copia -useHub -hubIPC -cloudEnvironment production","communication_protocol_version":"1.5.0","com.unity.ml-agents_version":"3.0.0","scene_name":"Sala1","end_time_seconds":"1732997051"}}