{
    "name": "root",
    "gauges": {
        "NavigationAgentController.Policy.Entropy.mean": {
            "value": 2.1119256019592285,
            "min": 2.1119067668914795,
            "max": 2.1119256019592285,
            "count": 2
        },
        "NavigationAgentController.Policy.Entropy.sum": {
            "value": 41816.125,
            "min": 41816.125,
            "max": 45300.3984375,
            "count": 2
        },
        "NavigationAgentController.Environment.EpisodeLength.mean": {
            "value": 49.0,
            "min": 49.0,
            "max": 49.0,
            "count": 2
        },
        "NavigationAgentController.Environment.EpisodeLength.sum": {
            "value": 19404.0,
            "min": 19404.0,
            "max": 21021.0,
            "count": 2
        },
        "NavigationAgentController.Step.mean": {
            "value": 39950.0,
            "min": 19950.0,
            "max": 39950.0,
            "count": 2
        },
        "NavigationAgentController.Step.sum": {
            "value": 39950.0,
            "min": 19950.0,
            "max": 39950.0,
            "count": 2
        },
        "NavigationAgentController.Policy.ExtrinsicValueEstimate.mean": {
            "value": 0.146867573261261,
            "min": 0.146867573261261,
            "max": 0.15009501576423645,
            "count": 2
        },
        "NavigationAgentController.Policy.ExtrinsicValueEstimate.sum": {
            "value": 58.747032165527344,
            "min": 58.747032165527344,
            "max": 59.887908935546875,
            "count": 2
        },
        "NavigationAgentController.Policy.CuriosityValueEstimate.mean": {
            "value": -0.021349310874938965,
            "min": -0.021349310874938965,
            "max": -0.017567042261362076,
            "count": 2
        },
        "NavigationAgentController.Policy.CuriosityValueEstimate.sum": {
            "value": -8.539724349975586,
            "min": -8.539724349975586,
            "max": -7.009250164031982,
            "count": 2
        },
        "NavigationAgentController.Environment.CumulativeReward.mean": {
            "value": 3.862849739789963,
            "min": 3.8555887092026255,
            "max": 3.862849739789963,
            "count": 2
        },
        "NavigationAgentController.Environment.CumulativeReward.sum": {
            "value": 1545.139895915985,
            "min": 1538.3798949718475,
            "max": 1545.139895915985,
            "count": 2
        },
        "NavigationAgentController.Policy.ExtrinsicReward.mean": {
            "value": 3.862849739789963,
            "min": 3.8555887092026255,
            "max": 3.862849739789963,
            "count": 2
        },
        "NavigationAgentController.Policy.ExtrinsicReward.sum": {
            "value": 1545.139895915985,
            "min": 1538.3798949718475,
            "max": 1545.139895915985,
            "count": 2
        },
        "NavigationAgentController.Policy.CuriosityReward.mean": {
            "value": 0.0,
            "min": 0.0,
            "max": 0.0,
            "count": 2
        },
        "NavigationAgentController.Policy.CuriosityReward.sum": {
            "value": 0.0,
            "min": 0.0,
            "max": 0.0,
            "count": 2
        },
        "NavigationAgentController.IsTraining.mean": {
            "value": 1.0,
            "min": 1.0,
            "max": 1.0,
            "count": 2
        },
        "NavigationAgentController.IsTraining.sum": {
            "value": 1.0,
            "min": 1.0,
            "max": 1.0,
            "count": 2
        }
    },
    "metadata": {
        "timer_format_version": "0.1.0",
        "start_time_seconds": "1732996749",
        "python_version": "3.10.11 (tags/v3.10.11:7d4cc5a, Apr  5 2023, 00:38:17) [MSC v.1929 64 bit (AMD64)]",
        "command_line_arguments": "C:\\Users\\caiqu\\AppData\\Local\\Programs\\Python\\Python310\\Scripts\\mlagents-learn config.yaml --run-id=albert_training_1 --time-scale=1 --torch-device=cuda --force",
        "mlagents_version": "1.1.0",
        "mlagents_envs_version": "1.1.0",
        "communication_protocol_version": "1.5.0",
        "pytorch_version": "2.5.0+cu124",
        "numpy_version": "1.23.5",
        "end_time_seconds": "1732997117"
    },
    "total": 367.670646700004,
    "count": 1,
    "self": 0.005600200005574152,
    "children": {
        "run_training.setup": {
            "total": 0.12315769999986514,
            "count": 1,
            "self": 0.12315769999986514
        },
        "TrainerController.start_learning": {
            "total": 367.54188879999856,
            "count": 1,
            "self": 0.03290600028412882,
            "children": {
                "TrainerController._reset_env": {
                    "total": 9.824816000007559,
                    "count": 1,
                    "self": 9.824816000007559
                },
                "TrainerController.advance": {
                    "total": 357.4355028997088,
                    "count": 1813,
                    "self": 0.031374399608466774,
                    "children": {
                        "env_step": {
                            "total": 315.75368760019774,
                            "count": 1813,
                            "self": 307.3869149001839,
                            "children": {
                                "SubprocessEnvManager._take_step": {
                                    "total": 8.345278900145786,
                                    "count": 1813,
                                    "self": 0.14102029989589937,
                                    "children": {
                                        "TorchPolicy.evaluate": {
                                            "total": 8.204258600249887,
                                            "count": 1813,
                                            "self": 8.204258600249887
                                        }
                                    }
                                },
                                "workers": {
                                    "total": 0.021493799868039787,
                                    "count": 1812,
                                    "self": 0.0,
                                    "children": {
                                        "worker_root": {
                                            "total": 293.5789446996205,
                                            "count": 1812,
                                            "is_parallel": true,
                                            "self": 55.62973249994684,
                                            "children": {
                                                "steps_from_proto": {
                                                    "total": 0.0013441000046441332,
                                                    "count": 1,
                                                    "is_parallel": true,
                                                    "self": 0.00020850000146310776,
                                                    "children": {
                                                        "_process_rank_one_or_two_observation": {
                                                            "total": 0.0011356000031810254,
                                                            "count": 4,
                                                            "is_parallel": true,
                                                            "self": 0.0011356000031810254
                                                        }
                                                    }
                                                },
                                                "UnityEnvironment.step": {
                                                    "total": 237.947868099669,
                                                    "count": 1812,